state,s_curs,a_curs,curs,stateT,dot,curPrd,Prdflat
4,0.0,0.0,1398,0,1398,1398,1398.0
4,0.0,0.0,1398,0,1401,1398,1348.0
3,0.0,0.0,1398,-1,1430,1298,1298.0
4,0.0,0.0,1398,0,1456,1398,1298.0
3,0.0,0.0,1398,-1,1477,1298,1298.0
4,0.0,0.0,1398,0,1493,1398,1298.0
3,0.0,0.0,1398,-1,1502,1298,1298.0
4,0.0,0.0,1398,0,1503,1398,1298.0
3,0.0,0.0,1398,-1,1498,1298,1298.0
4,0.0,0.0,1398,0,1485,1398,1448.0
6,0.0,0.0,1398,2,1464,1598,1598.0
4,0.0,0.0,1398,0,1436,1398,1445.0
3,-6.0,-6.0,1392,-1,1400,1292,1292.0
4,-3.0,-3.0,1389,0,1358,1389,1189.5
1,-2.0,4.0,1387,-3,1309,1087,1087.0
4,-2.0,1.0,1385,0,1254,1385,1185.0
3,-2.0,0.0,1383,-1,1194,1283,1283.0
4,0.0,2.0,1383,0,1130,1383,1283.0
3,0.0,2.0,1383,-1,1064,1283,1283.0
4,5.0,5.0,1388,0,994,1388,1290.0
3,9.0,9.0,1397,-1,925,1297,1297.0
4,20.0,15.0,1417,0,856,1417,1412.5
5,11.0,2.0,1428,1,787,1528,1528.0
4,1.0,-19.0,1429,0,722,1429,1628.5
7,0.0,-11.0,1429,3,661,1729,1729.0
4,-19.0,-20.0,1410,0,604,1410,1587.5
5,-64.0,-64.0,1346,1,554,1446,1446.0
4,-177.0,-158.0,1169,0,511,1169,1055.5
1,-204.0,-140.0,965,-3,475,665,665.0
4,-84.0,93.0,881,0,446,881,589.0
1,-68.0,136.0,813,-3,426,513,513.0
4,-32.0,52.0,781,0,414,781,540.5
2,-13.0,55.0,768,-2,411,568,568.0
4,-8.0,24.0,760,0,416,760,511.0
1,-6.0,7.0,754,-3,428,454,454.0
4,-6.0,2.0,748,0,449,748,547.0
3,-8.0,-2.0,740,-1,475,640,640.0
4,-18.0,-12.0,722,0,507,722,715.0
5,-32.0,-24.0,690,1,544,790,790.0
4,-22.0,-4.0,668,0,585,668,872.0
7,-14.0,18.0,654,3,629,954,954.0
4,-1.0,21.0,653,0,674,653,953.5
7,0.0,14.0,653,3,719,953,953.0
4,0.0,1.0,653,0,763,653,953.0
7,0.0,0.0,653,3,805,953,953.0
4,1.0,1.0,654,0,844,654,918.0
6,29.0,29.0,683,2,879,883,883.0
4,105.0,104.0,788,0,909,788,871.0
3,171.0,142.0,959,-1,933,859,859.0
4,107.0,2.0,1066,0,951,1066,1182.0
7,139.0,-32.0,1205,3,963,1505,1505.0
4,72.0,-35.0,1277,0,968,1277,1349.0
3,16.0,-123.0,1293,-1,966,1193,1193.0
4,0.0,-72.0,1293,0,958,1293,1183.5
3,-19.0,-35.0,1274,-1,944,1174,1174.0
4,-34.0,-34.0,1240,0,924,1240,1028.5
1,-57.0,-38.0,1183,-3,898,883,883.0
4,-78.0,-44.0,1105,0,869,1105,815.5
1,-57.0,0.0,1048,-3,836,748,748.0
4,-63.0,15.0,985,0,801,985,723.0
2,-87.0,-30.0,898,-2,765,698,698.0
4,-70.0,-7.0,828,0,728,828,695.0
3,-36.0,51.0,792,-1,693,692,692.0
4,-45.0,25.0,747,0,659,747,752.0
5,-35.0,1.0,712,1,628,812,812.0
4,-24.0,21.0,688,0,601,688,778.0
5,-44.0,-9.0,644,1,579,744,744.0
4,-45.0,-21.0,599,0,563,599,803.0
7,-37.0,7.0,562,3,553,862,862.0
4,-46.0,-1.0,516,0,550,516,769.5
6,-39.0,-2.0,477,2,554,677,677.0
4,-12.0,34.0,465,0,566,465,621.0
5,0.0,39.0,465,1,585,565,565.0
4,0.0,12.0,465,0,611,465,465.0
3,0.0,0.0,465,-1,645,365,365.0
4,0.0,0.0,465,0,686,465,315.0
2,0.0,0.0,465,-2,733,265,265.0
4,7.0,7.0,472,0,785,472,278.0
2,19.0,19.0,491,-2,842,291,291.0
4,46.0,39.0,537,0,904,537,386.0
3,44.0,25.0,581,-1,967,481,481.0
4,53.0,7.0,634,0,1033,634,540.5
3,66.0,22.0,700,-1,1100,600,600.0
4,113.0,60.0,813,0,1167,813,685.5
3,58.0,-8.0,871,-1,1232,771,771.0
4,26.0,-87.0,897,0,1295,897,902.5
5,37.0,-21.0,934,1,1354,1034,1034.0
4,28.0,2.0,962,0,1410,962,1169.5
7,43.0,6.0,1005,3,1463,1305,1305.0
4,30.0,2.0,1035,0,1505,1035,1358.0
7,76.0,33.0,1111,3,1544,1411,1411.0
4,45.0,15.0,1156,0,1575,1156,1393.0
6,19.0,-57.0,1175,2,1599,1375,1375.0
4,26.0,-19.0,1201,0,1615,1201,1241.0
3,6.0,-13.0,1207,-1,1623,1107,1107.0
4,0.0,-26.0,1207,0,1623,1207,1057.0
2,0.0,-6.0,1207,-2,1615,1007,1007.0
4,0.0,0.0,1207,0,1600,1207,957.0
1,0.0,0.0,1207,-3,1577,907,907.0
4,15.0,15.0,1222,0,1547,1222,991.5
2,54.0,54.0,1276,-2,1512,1076,1076.0
4,60.0,45.0,1336,0,1470,1336,1071.5
1,31.0,-23.0,1367,-3,1423,1067,1067.0
4,21.0,-39.0,1388,0,1372,1388,1127.5
2,0.0,-31.0,1388,-2,1318,1188,1188.0
4,-3.0,-24.0,1385,0,1261,1385,1235.5
3,-2.0,-2.0,1383,-1,1202,1283,1283.0
4,-1.0,2.0,1382,0,1142,1382,1281.5
3,-2.0,0.0,1380,-1,1082,1280,1280.0
4,-7.0,-6.0,1373,0,1022,1373,1258.5
3,-36.0,-34.0,1337,-1,965,1237,1237.0
4,-82.0,-75.0,1255,0,908,1255,1257.0
5,-78.0,-42.0,1177,1,856,1277,1277.0
4,-156.0,-74.0,1021,0,807,1021,1225.0
7,-148.0,-70.0,873,3,761,1173,1173.0
4,-61.0,95.0,812,0,720,812,1113.5
7,-58.0,90.0,754,3,684,1054,1054.0
4,-29.0,32.0,725,0,653,725,933.5
5,-12.0,46.0,713,1,627,813,813.0
4,-10.0,19.0,703,0,607,703,850.0
6,-16.0,-4.0,687,2,592,887,887.0
4,-22.0,-12.0,665,0,583,665,719.0
3,-14.0,2.0,651,-1,579,551,551.0
4,-6.0,16.0,645,0,580,645,448.0
1,0.0,14.0,645,-3,585,345,345.0
4,0.0,6.0,645,0,596,645,345.0
1,0.0,0.0,645,-3,610,345,345.0
4,2.0,2.0,647,0,628,647,450.0
3,8.0,8.0,655,-1,649,555,555.0
4,10.0,8.0,665,0,673,665,574.5
3,29.0,21.0,694,-1,698,594,594.0
4,19.0,9.0,713,0,725,713,805.5
7,4.0,-25.0,717,3,754,1017,1017.0
4,5.0,-14.0,722,0,782,722,1025.0
7,11.0,7.0,733,3,811,1033,1033.0
4,17.0,12.0,750,0,839,750,961.5
5,40.0,29.0,790,1,866,890,890.0
4,37.0,20.0,827,0,892,827,919.0
5,21.0,-19.0,848,1,915,948,948.0
4,25.0,-12.0,873,0,937,873,826.0
2,31.0,10.0,904,-2,955,704,704.0
4,16.0,-9.0,920,0,971,920,664.0
1,4.0,-27.0,924,-3,985,624,624.0
4,3.0,-13.0,927,0,995,927,626.5
1,2.0,-2.0,929,-3,1001,629,629.0
4,2.0,-1.0,931,0,1005,931,682.5
2,5.0,3.0,936,-2,1006,736,736.0
4,1.0,-1.0,937,0,1004,937,786.5
3,0.0,-5.0,937,-1,999,837,837.0
4,0.0,-1.0,937,0,992,937,837.0
3,0.0,0.0,937,-1,983,837,837.0
4,-3.0,-3.0,934,0,972,934,825.5
3,-20.0,-20.0,914,-1,960,814,814.0
4,-31.0,-28.0,883,0,947,883,783.5
3,-30.0,-10.0,853,-1,934,753,753.0
4,-24.0,7.0,829,0,921,829,678.0
2,-26.0,4.0,803,-2,908,603,603.0
4,-15.0,9.0,788,0,896,788,644.0
3,-3.0,23.0,785,-1,885,685,685.0
4,-6.0,9.0,779,0,876,779,780.0
5,-4.0,-1.0,775,1,868,875,875.0
4,-5.0,1.0,770,0,863,770,964.5
7,-16.0,-12.0,754,3,860,1054,1054.0
4,-21.0,-16.0,733,0,860,733,935.5
5,-16.0,0.0,717,1,863,817,817.0
4,-9.0,12.0,708,0,869,708,805.5
5,-14.0,2.0,694,1,879,794,794.0
4,-3.0,6.0,691,0,891,691,692.5
3,0.0,14.0,691,-1,907,591,591.0
4,0.0,3.0,691,0,927,691,541.0
2,0.0,0.0,691,-2,949,491,491.0
4,0.0,0.0,691,0,974,691,491.5
2,1.0,1.0,692,-2,1002,492,492.0
4,11.0,11.0,703,0,1032,703,451.5
1,8.0,7.0,711,-3,1064,411,411.0
4,13.0,2.0,724,0,1098,724,531.5
3,28.0,20.0,752,-1,1133,652,652.0
4,60.0,47.0,812,0,1168,812,711.5
3,59.0,31.0,871,-1,1204,771,771.0
4,134.0,74.0,1005,0,1239,1005,1073.5
6,171.0,112.0,1176,2,1272,1376,1376.0
4,117.0,-17.0,1293,0,1305,1293,1488.0
6,107.0,-64.0,1400,2,1334,1600,1600.0
4,51.0,-66.0,1451,0,1361,1451,1389.0
1,27.0,-80.0,1478,-3,1385,1178,1178.0
4,2.0,-49.0,1480,0,1403,1480,1429.0
6,0.0,-27.0,1480,2,1417,1680,1680.0
4,0.0,-2.0,1480,0,1426,1480,1530.0
3,0.0,0.0,1480,-1,1430,1380,1380.0
4,0.0,0.0,1480,0,1428,1480,1380.0
3,0.0,0.0,1480,-1,1419,1380,1380.0
4,0.0,0.0,1480,0,1404,1480,1274.5
1,-11.0,-11.0,1469,-3,1382,1169,1169.0
4,-25.0,-25.0,1444,0,1354,1444,1135.0
1,-43.0,-32.0,1401,-3,1319,1101,1101.0
4,-45.0,-20.0,1356,0,1279,1356,1123.5
3,-110.0,-67.0,1246,-1,1233,1146,1146.0
4,-87.0,-42.0,1159,0,1181,1159,1085.5
3,-34.0,76.0,1125,-1,1125,1025,1025.0
4,-24.0,63.0,1101,0,1065,1101,1152.5
6,-21.0,13.0,1080,2,1002,1280,1280.0
4,-20.0,4.0,1060,0,936,1060,1298.0
7,-44.0,-23.0,1016,3,869,1316,1316.0
4,-67.0,-47.0,949,0,802,949,1256.5
7,-52.0,-8.0,897,3,734,1197,1197.0
4,-33.0,34.0,864,0,670,864,1109.0
6,-43.0,9.0,821,2,607,1021,1021.0
4,-55.0,-22.0,766,0,549,766,979.5
6,-28.0,15.0,738,2,495,938,938.0
4,-23.0,32.0,715,0,447,715,875.0
5,-3.0,25.0,712,1,405,812,812.0
4,-2.0,21.0,710,0,368,710,809.0
5,-4.0,-1.0,706,1,344,806,806.0
4,-9.0,-7.0,697,0,325,697,594.5
1,-14.0,-10.0,683,-3,315,383,383.0
4,-4.0,5.0,679,0,314,679,380.0
1,-2.0,12.0,677,-3,322,377,377.0
4,0.0,4.0,677,0,338,677,426.5
2,-1.0,1.0,676,-2,362,476,476.0
4,-2.0,-2.0,674,0,394,674,525.0
3,0.0,1.0,674,-1,432,574,574.0
4,0.0,2.0,674,0,476,674,780.5
7,13.0,13.0,687,3,525,987,987.0
4,14.0,14.0,701,0,577,701,997.5
7,7.0,-6.0,708,3,632,1008,1008.0
4,4.0,-10.0,712,0,687,712,1018.5
7,17.0,10.0,729,3,741,1029,1029.0
4,68.0,64.0,797,0,795,797,1079.5
7,33.0,16.0,830,3,845,1130,1130.0
4,59.0,-9.0,889,0,891,889,980.5
3,42.0,9.0,931,-1,931,831,831.0
4,20.0,-39.0,951,0,965,951,865.0
3,48.0,6.0,999,-1,992,899,899.0
4,62.0,42.0,1061,0,1011,1061,841.5
1,23.0,-25.0,1084,-3,1021,784,784.0
4,25.0,-37.0,1109,0,1024,1109,799.5
1,6.0,-17.0,1115,-3,1017,815,815.0
4,4.0,-21.0,1119,0,1003,1119,821.0
1,8.0,2.0,1127,-3,982,827,827.0
4,29.0,25.0,1156,0,953,1156,909.0
2,35.0,27.0,1191,-2,919,991,991.0
4,10.0,-19.0,1201,0,880,1201,1148.0
5,4.0,-31.0,1205,1,839,1305,1305.0
4,0.0,-10.0,1205,0,795,1205,1355.0
6,0.0,-4.0,1205,2,752,1405,1405.0
4,-12.0,-12.0,1193,0,711,1193,1426.0
7,-46.0,-46.0,1147,3,672,1447,1447.0
4,-62.0,-50.0,1085,0,638,1085,1277.0
5,-78.0,-32.0,1007,1,609,1107,1107.0
4,-95.0,-33.0,912,0,588,912,1031.0
5,-57.0,21.0,855,1,574,955,955.0
4,-36.0,59.0,819,0,568,819,960.5
6,-53.0,4.0,766,2,571,966,966.0
4,-42.0,-6.0,724,0,584,724,786.5
3,-17.0,36.0,707,-1,605,607,607.0
4,-12.0,30.0,695,0,635,695,549.0
2,-4.0,13.0,691,-2,673,491,491.0
4,-1.0,11.0,690,0,719,690,490.5
2,0.0,4.0,690,-2,772,490,490.0
4,0.0,1.0,690,0,830,690,440.0
1,0.0,0.0,690,-3,892,390,390.0
4,0.0,0.0,690,0,958,690,440.0
2,0.0,0.0,690,-2,1026,490,490.0
4,8.0,8.0,698,0,1096,698,577.5
3,67.0,67.0,765,-1,1163,665,665.0
4,154.0,146.0,919,0,1229,919,950.5
5,217.0,150.0,1136,1,1292,1236,1236.0
4,108.0,-46.0,1244,0,1352,1244,1466.5
7,153.0,-64.0,1397,3,1406,1697,1697.0
4,67.0,-41.0,1464,0,1454,1464,1686.0
6,11.0,-142.0,1475,2,1495,1675,1675.0
4,7.0,-60.0,1482,0,1529,1482,1630.0
5,3.0,-8.0,1485,1,1556,1585,1585.0
4,6.0,-1.0,1491,0,1575,1491,1642.0
6,8.0,5.0,1499,2,1585,1699,1699.0
4,15.0,9.0,1514,0,1588,1514,1662.0
5,11.0,3.0,1525,1,1583,1625,1625.0
4,1.0,-14.0,1526,0,1571,1526,1425.5
1,0.0,-11.0,1526,-3,1552,1226,1226.0
4,-5.0,-6.0,1521,0,1526,1521,1214.0
1,-19.0,-19.0,1502,-3,1493,1202,1202.0
4,-22.0,-17.0,1480,0,1458,1480,1272.5
3,-37.0,-18.0,1443,-1,1417,1343,1343.0
4,-48.0,-26.0,1395,0,1373,1395,1298.0
3,-42.0,-5.0,1353,-1,1325,1253,1253.0
4,-46.0,2.0,1307,0,1275,1307,1308.0
5,-44.0,-2.0,1263,1,1224,1363,1363.0
4,-37.0,9.0,1226,0,1171,1226,1408.0
7,-73.0,-29.0,1153,3,1120,1453,1453.0
4,-70.0,-33.0,1083,0,1068,1083,1386.5
7,-63.0,10.0,1020,3,1018,1320,1320.0
4,-44.0,26.0,976,0,970,976,1082.5
3,-31.0,32.0,945,-1,924,845,845.0
4,-31.0,13.0,914,0,881,914,822.0
3,-15.0,16.0,899,-1,841,799,799.0
4,-15.0,16.0,884,0,804,884,682.0
1,-19.0,-4.0,865,-3,771,565,565.0
4,-9.0,6.0,856,0,742,856,555.5
1,-10.0,9.0,846,-3,717,546,546.0
4,-1.0,8.0,845,0,696,845,644.5
3,-2.0,8.0,843,-1,678,743,743.0
4,-1.0,0.0,842,0,666,842,692.0
2,-1.0,1.0,841,-2,657,641,641.0
4,0.0,1.0,841,0,651,841,641.0
2,0.0,1.0,841,-2,650,641,641.0
4,0.0,0.0,841,0,652,841,641.0
2,0.0,0.0,841,-2,657,641,641.0
4,0.0,0.0,841,0,665,841,591.0
1,0.0,0.0,841,-3,677,541,541.0
4,0.0,0.0,841,0,691,841,791.0
6,0.0,0.0,841,2,707,1041,1041.0
4,-9.0,-9.0,832,0,726,832,971.5
5,-30.0,-30.0,802,1,745,902,902.0
4,-25.0,-16.0,777,0,767,777,986.0
7,-7.0,23.0,770,3,789,1070,1070.0
4,-4.0,21.0,766,0,813,766,967.5
5,-1.0,6.0,765,1,836,865,865.0
4,0.0,4.0,765,0,860,765,765.0
3,0.0,1.0,765,-1,884,665,665.0
4,1.0,1.0,766,0,908,766,669.5
3,8.0,8.0,774,-1,930,674,674.0
4,9.0,8.0,783,0,952,783,638.5
2,20.0,12.0,803,-2,972,603,603.0
4,42.0,33.0,845,0,990,845,640.0
2,32.0,12.0,877,-2,1007,677,677.0
4,46.0,4.0,923,0,1022,923,761.0
3,22.0,-10.0,945,-1,1034,845,845.0
4,5.0,-41.0,950,0,1044,950,1049.0
7,3.0,-19.0,953,3,1051,1253,1253.0
4,6.0,1.0,959,0,1056,959,1259.5
7,7.0,4.0,966,3,1058,1266,1266.0
4,11.0,5.0,977,0,1057,977,1272.0
7,1.0,-6.0,978,3,1054,1278,1278.0
4,0.0,-11.0,978,0,1048,978,1277.5
7,-1.0,-2.0,977,3,1039,1277,1277.0
4,-11.0,-11.0,966,0,1029,966,1218.0
6,-7.0,-6.0,959,2,1017,1159,1159.0
4,-8.0,3.0,951,0,1003,951,1097.0
5,-16.0,-9.0,935,1,989,1035,1035.0
4,-26.0,-18.0,909,0,975,909,910.5
3,-23.0,-7.0,886,-1,962,786,786.0
4,-21.0,5.0,865,0,950,865,666.5
1,-18.0,5.0,847,-3,939,547,547.0
4,-23.0,-2.0,824,0,931,824,525.5
1,-20.0,-2.0,804,-3,924,504,504.0
4,-22.0,1.0,782,0,920,782,472.5
1,-41.0,-21.0,741,-3,918,441,441.0
4,-31.0,-9.0,710,0,919,710,405.0
1,-41.0,0.0,669,-3,923,369,369.0
4,-36.0,-5.0,633,0,929,633,441.5
3,-19.0,22.0,614,-1,939,514,514.0
4,-16.0,20.0,598,0,951,598,502.0
3,-8.0,11.0,590,-1,967,490,490.0
4,-4.0,12.0,586,0,984,586,637.5
6,-1.0,7.0,585,2,1004,785,785.0
4,0.0,4.0,585,0,1027,585,535.0
1,0.0,1.0,585,-3,1051,285,285.0
4,0.0,0.0,585,0,1076,585,586.0
7,2.0,2.0,587,3,1103,887,887.0
4,5.0,5.0,592,0,1131,592,841.5
6,4.0,2.0,596,2,1158,796,796.0
4,25.0,20.0,621,0,1185,621,779.0
5,41.0,37.0,662,1,1212,762,762.0
4,21.0,-4.0,683,0,1237,683,785.5
5,26.0,-15.0,709,1,1260,809,809.0
4,33.0,12.0,742,0,1281,742,647.0
1,43.0,17.0,785,-3,1299,485,485.0
4,178.0,145.0,963,0,1314,963,731.0
2,214.0,171.0,1177,-2,1325,977,977.0
4,166.0,-12.0,1343,0,1331,1343,1043.5
1,67.0,-147.0,1410,-3,1333,1110,1110.0
4,52.0,-114.0,1462,0,1330,1462,1150.5
1,29.0,-38.0,1491,-3,1321,1191,1191.0
4,8.0,-44.0,1499,0,1307,1499,1195.5
1,1.0,-28.0,1500,-3,1288,1200,1200.0
4,0.0,-8.0,1500,0,1263,1500,1300.0
3,0.0,-1.0,1500,-1,1231,1400,1400.0
4,0.0,0.0,1500,0,1196,1500,1500.0
5,0.0,0.0,1500,1,1155,1600,1600.0
4,0.0,0.0,1500,0,1109,1500,1400.0
1,0.0,0.0,1500,-3,1059,1200,1200.0
4,0.0,0.0,1500,0,1004,1500,1397.0
5,-6.0,-6.0,1494,1,947,1594,1594.0
4,-36.0,-36.0,1458,0,888,1458,1407.5
3,-137.0,-131.0,1321,-1,826,1221,1221.0
4,-253.0,-217.0,1068,0,764,1068,1071.0
5,-247.0,-110.0,821,1,702,921,921.0
4,-96.0,157.0,725,0,642,725,684.0
2,-78.0,169.0,647,-2,583,447,447.0
4,-17.0,79.0,630,0,527,630,387.0
1,-3.0,75.0,627,-3,475,327,327.0
4,-2.0,15.0,625,0,428,625,375.5
2,-1.0,2.0,624,-2,387,424,424.0
4,-2.0,0.0,622,0,352,622,471.5
3,-3.0,-2.0,619,-1,324,519,519.0
4,-1.0,1.0,618,0,304,618,468.5
2,0.0,3.0,618,-2,292,418,418.0
4,0.0,1.0,618,0,288,618,469.5
3,3.0,3.0,621,-1,293,521,521.0
4,16.0,16.0,637,0,306,637,535.5
3,13.0,10.0,650,-1,328,550,550.0
4,35.0,19.0,685,0,358,685,786.0
7,37.0,24.0,722,3,394,1022,1022.0
4,38.0,3.0,760,0,442,760,1008.5
6,35.0,-2.0,795,2,488,995,995.0
4,53.0,15.0,848,0,542,848,1066.5
6,90.0,55.0,938,2,601,1138,1138.0
4,38.0,-15.0,976,0,662,976,1123.0
5,32.0,-58.0,1008,1,724,1108,1108.0
4,31.0,-7.0,1039,0,787,1039,1031.5
3,16.0,-16.0,1055,-1,848,955,955.0
4,38.0,7.0,1093,0,907,1093,886.5
1,25.0,9.0,1118,-3,961,818,818.0
4,12.0,-26.0,1130,0,1012,1130,827.0
1,6.0,-19.0,1136,-3,1056,836,836.0
4,2.0,-10.0,1138,0,1093,1138,945.0
3,16.0,10.0,1154,-1,1123,1054,1054.0
4,20.0,18.0,1174,0,1145,1174,1176.0
5,24.0,8.0,1198,1,1159,1298,1298.0
4,20.0,0.0,1218,0,1164,1218,1412.5
7,9.0,-15.0,1227,3,1160,1527,1527.0
4,12.0,-8.0,1239,0,1149,1239,1541.0
7,16.0,7.0,1255,3,1131,1555,1555.0
4,18.0,6.0,1273,0,1106,1273,1521.0
6,14.0,-2.0,1287,2,1075,1487,1487.0
4,0.0,-18.0,1287,0,1040,1287,1437.0
5,0.0,-14.0,1287,1,1002,1387,1387.0
4,0.0,0.0,1287,0,962,1287,1282.0
3,-10.0,-10.0,1277,-1,922,1177,1177.0
4,-53.0,-53.0,1224,0,883,1224,1064.0
2,-73.0,-63.0,1151,-2,847,951,951.0
4,-156.0,-103.0,995,0,814,995,751.0
1,-144.0,-71.0,851,-3,787,551,551.0
4,-95.0,61.0,756,0,766,756,463.0
1,-81.0,63.0,675,-3,754,375,375.0
4,-54.0,41.0,621,0,750,621,383.0
2,-30.0,51.0,591,-2,755,391,391.0
4,-32.0,22.0,559,0,768,559,413.0
3,-24.0,6.0,535,-1,792,435,435.0
4,-8.0,24.0,527,0,821,527,430.5
3,-1.0,23.0,526,-1,858,426,426.0
4,0.0,8.0,526,0,902,526,426.5
3,1.0,2.0,527,-1,952,427,427.0
4,10.0,10.0,537,0,1006,537,454.5
3,45.0,44.0,582,-1,1064,482,482.0
4,104.0,94.0,686,0,1124,686,576.5
3,85.0,40.0,771,-1,1185,671,671.0
4,95.0,-9.0,866,0,1246,866,896.5
6,56.0,-29.0,922,2,1306,1122,1122.0
4,30.0,-65.0,952,0,1363,952,1212.0
7,50.0,-6.0,1002,3,1417,1302,1302.0
4,102.0,72.0,1104,0,1467,1104,1368.0
7,30.0,-20.0,1134,3,1511,1434,1434.0
4,32.0,-70.0,1166,0,1549,1166,1464.0
7,28.0,-2.0,1194,3,1580,1494,1494.0
4,21.0,-11.0,1215,0,1604,1215,1514.0
7,19.0,-9.0,1234,3,1620,1534,1534.0
4,41.0,20.0,1275,0,1629,1275,1363.5
3,18.0,-1.0,1293,-1,1629,1193,1193.0
4,2.0,-39.0,1295,0,1621,1295,1194.0
3,0.0,-18.0,1295,-1,1605,1195,1195.0
4,0.0,-2.0,1295,0,1581,1295,1095.0
1,0.0,0.0,1295,-3,1549,995,995.0
4,1.0,1.0,1296,0,1512,1296,995.5
1,0.0,0.0,1296,-3,1468,996,996.0
4,0.0,-1.0,1296,0,1418,1296,1046.0
2,0.0,0.0,1296,-2,1363,1096,1096.0
4,-13.0,-13.0,1283,0,1305,1283,1066.5
2,-46.0,-46.0,1237,-2,1243,1037,1037.0
4,-69.0,-56.0,1168,0,1178,1168,985.0
3,-135.0,-89.0,1033,-1,1113,933,933.0
4,-105.0,-36.0,928,0,1048,928,946.5
5,-68.0,67.0,860,1,979,960,960.0
4,-25.0,80.0,835,0,918,835,733.5
1,-28.0,40.0,807,-3,857,507,507.0
4,-42.0,-17.0,765,0,799,765,719.5
6,-33.0,-5.0,732,2,744,932,932.0
4,-60.0,-18.0,672,0,694,672,718.5
3,-67.0,-34.0,605,-1,650,505,505.0
4,-39.0,21.0,566,0,611,566,370.5
1,-30.0,37.0,536,-3,578,236,236.0
4,-15.0,24.0,521,0,552,521,322.0
3,-13.0,17.0,508,-1,532,408,408.0
4,-1.0,14.0,507,0,519,507,407.5
3,0.0,13.0,507,-1,513,407,407.0
4,3.0,4.0,510,0,513,510,412.0
3,7.0,7.0,517,-1,519,417,417.0
4,18.0,15.0,535,0,531,535,534.5
5,17.0,10.0,552,1,548,652,652.0
4,16.0,-2.0,568,0,571,568,679.5
5,39.0,22.0,607,1,597,707,707.0
4,62.0,46.0,669,0,627,669,678.0
3,80.0,41.0,749,-1,661,649,649.0
4,55.0,-7.0,804,0,695,804,600.5
1,48.0,-32.0,852,-3,730,552,552.0
4,24.0,-31.0,876,0,766,876,867.5
7,7.0,-41.0,883,3,802,1183,1183.0
4,5.0,-19.0,888,0,835,888,1087.5
5,4.0,-3.0,892,1,866,992,992.0
4,4.0,-1.0,896,0,894,896,846.0
2,4.0,0.0,900,-2,919,700,700.0
4,10.0,6.0,910,0,939,910,860.0
5,10.0,6.0,920,1,954,1020,1020.0
4,10.0,0.0,930,0,964,930,1135.0
7,20.0,10.0,950,3,969,1250,1250.0
4,14.0,4.0,964,0,968,964,1009.5
2,5.0,-15.0,969,-2,961,769,769.0
4,0.0,-14.0,969,0,950,969,719.0
1,0.0,-5.0,969,-3,933,669,669.0
4,0.0,0.0,969,0,911,969,869.0
5,0.0,0.0,969,1,886,1069,1069.0
4,-21.0,-21.0,948,0,857,948,1146.0
7,-25.0,-25.0,923,3,825,1223,1223.0
4,-13.0,8.0,910,0,792,910,954.5
2,-24.0,1.0,886,-2,757,686,686.0
4,-29.0,-16.0,857,0,723,857,861.5
6,-20.0,4.0,837,2,690,1037,1037.0
4,-37.0,-8.0,800,0,659,800,845.0
3,-47.0,-27.0,753,-1,631,653,653.0
4,-29.0,8.0,724,0,608,724,815.0
7,-47.0,0.0,677,3,589,977,977.0
4,-61.0,-32.0,616,0,577,616,927.5
7,-38.0,9.0,578,3,571,878,878.0
4,-47.0,14.0,531,0,572,531,589.5
2,-30.0,8.0,501,-2,581,301,301.0
4,-15.0,32.0,486,0,597,486,492.5
6,-2.0,28.0,484,2,622,684,684.0
4,-3.0,12.0,481,0,654,481,479.0
2,-7.0,-5.0,474,-2,693,274,274.0
4,-6.0,-3.0,468,0,740,468,419.0
5,-4.0,3.0,464,1,792,564,564.0
4,0.0,6.0,464,0,850,464,414.0
2,0.0,4.0,464,-2,913,264,264.0
4,10.0,10.0,474,0,979,474,352.0
3,66.0,66.0,540,-1,1046,440,440.0
4,74.0,64.0,614,0,1115,614,443.0
1,132.0,66.0,746,-3,1182,446,446.0
4,97.0,23.0,843,0,1248,843,812.0
7,35.0,-97.0,878,3,1310,1178,1178.0
4,13.0,-84.0,891,0,1369,891,1193.5
7,18.0,-17.0,909,3,1421,1209,1209.0
4,19.0,6.0,928,0,1465,928,1122.0
5,7.0,-11.0,935,1,1503,1035,1035.0
4,9.0,-10.0,944,0,1531,944,1044.5
5,10.0,3.0,954,1,1551,1054,1054.0
4,11.0,2.0,965,0,1561,965,1117.5
6,16.0,6.0,981,2,1562,1181,1181.0
4,21.0,10.0,1002,0,1554,1002,1151.0
5,19.0,3.0,1021,1,1537,1121,1121.0
4,16.0,-5.0,1037,0,1511,1037,980.0
2,2.0,-17.0,1039,-2,1478,839,839.0
4,2.0,-14.0,1041,0,1439,1041,840.5
2,1.0,-1.0,1042,-2,1395,842,842.0
4,0.0,-2.0,1042,0,1347,1042,992.0
5,0.0,-1.0,1042,1,1296,1142,1142.0
4,-1.0,-1.0,1041,0,1244,1041,1021.0
3,-41.0,-41.0,1000,-1,1193,900,900.0
4,-48.0,-47.0,952,0,1144,952,836.0
3,-80.0,-39.0,872,-1,1094,772,772.0
4,-48.0,0.0,824,0,1056,824,860.5
6,-75.0,5.0,749,2,1021,949,949.0
4,-40.0,8.0,709,0,993,709,766.5
3,-25.0,50.0,684,-1,972,584,584.0
4,-21.0,19.0,663,0,959,663,669.5
5,-8.0,17.0,655,1,955,755,755.0
4,-3.0,18.0,652,0,959,652,652.5
3,-2.0,6.0,650,-1,971,550,550.0
4,-3.0,0.0,647,0,991,647,646.5
5,-4.0,-2.0,643,1,1019,743,743.0
4,-5.0,-2.0,638,0,1052,638,837.0
7,-7.0,-3.0,631,3,1091,931,931.0
4,-1.0,4.0,630,0,1133,630,630.5
1,0.0,7.0,630,-3,1178,330,330.0
4,8.0,9.0,638,0,1224,638,417.0
2,66.0,66.0,704,-2,1270,504,504.0
4,114.0,106.0,818,0,1314,818,699.5
3,177.0,111.0,995,-1,1355,895,895.0
4,110.0,-4.0,1105,0,1391,1105,946.5
2,93.0,-84.0,1198,-2,1422,998,998.0
4,56.0,-54.0,1254,0,1446,1254,1302.0
7,52.0,-41.0,1306,3,1462,1606,1606.0
4,33.0,-23.0,1339,0,1470,1339,1327.5
1,10.0,-42.0,1349,-3,1470,1049,1049.0
4,1.0,-32.0,1350,0,1460,1350,1099.5
2,0.0,-10.0,1350,-2,1442,1150,1150.0
4,0.0,-1.0,1350,0,1415,1350,1350.0
6,0.0,0.0,1350,2,1380,1550,1550.0
4,0.0,0.0,1350,0,1337,1350,1400.0
3,0.0,0.0,1350,-1,1287,1250,1250.0
4,0.0,0.0,1350,0,1231,1350,1250.0
3,0.0,0.0,1350,-1,1170,1250,1250.0
4,0.0,0.0,1350,0,1105,1350,1346.5
5,-7.0,-7.0,1343,1,1036,1443,1443.0
4,-57.0,-57.0,1286,0,967,1286,1444.0
7,-141.0,-134.0,1145,3,898,1445,1445.0
4,-132.0,-75.0,1013,0,824,1013,1100.5
2,-57.0,84.0,956,-2,761,756,756.0
4,-49.0,83.0,907,0,697,907,722.5
2,-18.0,39.0,889,-2,636,689,689.0
4,-3.0,46.0,886,0,580,886,886.0
6,-3.0,15.0,883,2,530,1083,1083.0
4,-1.0,2.0,882,0,486,882,881.5
2,-2.0,1.0,880,-2,448,680,680.0
4,-8.0,-7.0,872,0,418,872,620.0
1,-12.0,-10.0,860,-3,394,560,560.0
4,-19.0,-11.0,841,0,378,841,845.5
7,-10.0,2.0,831,3,370,1131,1131.0
4,-19.0,0.0,812,0,370,812,1107.5
7,-28.0,-18.0,784,3,376,1084,1084.0
4,-12.0,7.0,772,0,389,772,972.0
5,-12.0,16.0,760,1,409,860,860.0
4,-11.0,1.0,749,0,435,749,849.0
5,-11.0,1.0,738,1,466,838,838.0
4,-32.0,-21.0,706,0,501,706,898.5
7,-47.0,-36.0,659,3,541,959,959.0
4,-37.0,-5.0,622,0,584,622,614.0
1,-53.0,-6.0,569,-3,629,269,269.0
4,-28.0,9.0,541,0,676,541,453.5
5,-3.0,50.0,538,1,724,638,638.0
4,0.0,28.0,538,0,771,538,538.0
3,0.0,3.0,538,-1,818,438,438.0
4,20.0,20.0,558,0,864,558,406.0
2,16.0,16.0,574,-2,908,374,374.0
4,13.0,-7.0,587,0,949,587,534.5
5,8.0,-8.0,595,1,987,695,695.0
4,7.0,-6.0,602,0,1021,602,761.5
6,26.0,18.0,628,2,1051,828,828.0
4,91.0,84.0,719,0,1077,719,925.0
6,103.0,77.0,822,2,1099,1022,1022.0
4,153.0,62.0,975,0,1117,975,1099.0
5,101.0,-2.0,1076,1,1130,1176,1176.0
4,22.0,-131.0,1098,0,1138,1098,1192.0
5,10.0,-91.0,1108,1,1142,1208,1208.0
4,11.0,-11.0,1119,0,1143,1119,1119.0
3,11.0,1.0,1130,-1,1139,1030,1030.0
4,1.0,-10.0,1131,0,1132,1131,1030.5
3,0.0,-11.0,1131,-1,1122,1031,1031.0
4,-4.0,-5.0,1127,0,1109,1127,1178.0
6,-2.0,-2.0,1125,2,1095,1325,1325.0
4,-4.0,0.0,1121,0,1078,1121,1268.0
5,-10.0,-8.0,1111,1,1061,1211,1211.0
4,-15.0,-11.0,1096,0,1044,1096,1239.5
6,-28.0,-18.0,1068,2,1026,1268,1268.0
4,-21.0,-6.0,1047,0,1009,1047,1038.0
2,-39.0,-11.0,1008,-2,993,808,808.0
4,-23.0,-2.0,985,0,978,985,923.0
5,-47.0,-8.0,938,1,965,1038,1038.0
4,-34.0,-11.0,904,0,955,904,911.0
3,-20.0,27.0,884,-1,947,784,784.0
4,-31.0,3.0,853,0,943,853,757.5
3,-22.0,-2.0,831,-1,941,731,731.0
4,-15.0,16.0,816,0,942,816,814.0
5,-19.0,3.0,797,1,947,897,897.0
4,-3.0,12.0,794,0,955,794,745.5
2,0.0,19.0,794,-2,966,594,594.0
4,0.0,3.0,794,0,980,794,799.0
6,10.0,10.0,804,2,997,1004,1004.0
4,40.0,40.0,844,0,1017,844,994.5
5,41.0,31.0,885,1,1039,985,985.0
4,73.0,33.0,958,0,1062,958,1044.5
5,46.0,5.0,1004,1,1087,1104,1104.0
4,23.0,-50.0,1027,0,1113,1027,1226.0
7,21.0,-25.0,1048,3,1139,1348,1348.0
4,26.0,3.0,1074,0,1165,1074,1381.0
7,40.0,19.0,1114,3,1191,1414,1414.0
4,39.0,13.0,1153,0,1214,1153,1163.0
1,59.0,19.0,1212,-3,1236,912,912.0
4,45.0,6.0,1257,0,1256,1257,1002.0
2,35.0,-24.0,1292,-2,1273,1092,1092.0
4,70.0,25.0,1362,0,1287,1362,1207.5
3,61.0,26.0,1423,-1,1296,1323,1323.0
4,22.0,-48.0,1445,0,1302,1445,1294.0
2,20.0,-41.0,1465,-2,1303,1265,1265.0
4,7.0,-15.0,1472,0,1299,1472,1221.5
1,6.0,-14.0,1478,-3,1291,1178,1178.0
4,5.0,-2.0,1483,0,1277,1483,1489.0
7,17.0,11.0,1500,3,1258,1800,1800.0
4,7.0,2.0,1507,0,1234,1507,1603.5
3,0.0,-17.0,1507,-1,1205,1407,1407.0
4,0.0,-7.0,1507,0,1172,1507,1505.5
5,-3.0,-3.0,1504,1,1134,1604,1604.0
4,-12.0,-12.0,1492,0,1090,1492,1635.0
6,-26.0,-23.0,1466,2,1044,1666,1666.0
4,-60.0,-48.0,1406,0,994,1406,1636.5
7,-99.0,-73.0,1307,3,941,1607,1607.0
4,-51.0,9.0,1256,0,889,1256,1341.5
3,-80.0,19.0,1176,-1,833,1076,1076.0
4,-60.0,-9.0,1116,0,777,1116,1029.5
3,-33.0,47.0,1083,-1,721,983,983.0
4,-47.0,13.0,1036,0,666,1036,1032.0
5,-55.0,-22.0,981,1,613,1081,1081.0
4,-46.0,1.0,935,0,558,935,1045.5
5,-25.0,30.0,910,1,514,1010,1010.0
4,-43.0,3.0,867,0,470,867,868.0
3,-41.0,-16.0,826,-1,431,726,726.0
4,-24.0,19.0,802,0,397,802,597.0
1,-34.0,7.0,768,-3,369,468,468.0
4,-35.0,-11.0,733,0,347,733,741.0
7,-19.0,15.0,714,3,332,1014,1014.0
4,-14.0,21.0,700,0,324,700,957.0
6,0.0,19.0,700,2,324,900,900.0
4,0.0,14.0,700,0,331,700,850.0
5,0.0,0.0,700,1,345,800,800.0
4,0.0,0.0,700,0,367,700,900.0
7,0.0,0.0,700,3,396,1000,1000.0
4,0.0,0.0,700,0,432,700,1002.0
7,4.0,4.0,704,3,474,1004,1004.0
4,11.0,11.0,715,0,523,715,817.5
3,16.0,12.0,731,-1,576,631,631.0
4,28.0,17.0,759,0,635,759,614.0
2,38.0,22.0,797,-2,697,597,597.0
4,43.0,15.0,840,0,763,840,837.0
5,137.0,99.0,977,1,831,1077,1077.0
4,179.0,136.0,1156,0,900,1156,1116.0
3,99.0,-38.0,1255,-1,970,1155,1155.0
4,67.0,-112.0,1322,0,1039,1322,1106.0
1,35.0,-64.0,1357,-3,1106,1057,1057.0
4,33.0,-34.0,1390,0,1171,1390,1387.0
7,27.0,-8.0,1417,3,1233,1717,1717.0
4,50.0,17.0,1467,0,1290,1467,1752.0
7,20.0,-7.0,1487,3,1342,1787,1787.0
4,2.0,-48.0,1489,0,1389,1489,1688.0
5,0.0,-20.0,1489,1,1429,1589,1589.0
4,0.0,-2.0,1489,0,1462,1489,1589.0
5,0.0,0.0,1489,1,1488,1589,1589.0
4,1.0,1.0,1490,0,1506,1490,1693.0
7,7.0,7.0,1497,3,1517,1797,1797.0
4,5.0,4.0,1502,0,1520,1502,1550.0
2,1.0,-6.0,1503,-2,1516,1303,1303.0
4,0.0,-5.0,1503,0,1504,1503,1338.0
3,-30.0,-31.0,1473,-1,1486,1373,1373.0
4,-27.0,-27.0,1446,0,1461,1446,1431.5
5,-56.0,-26.0,1390,1,1431,1490,1490.0
4,-38.0,-11.0,1352,0,1396,1352,1361.0
3,-20.0,36.0,1332,-1,1357,1232,1232.0
4,-24.0,14.0,1308,0,1315,1308,1154.0
2,-32.0,-12.0,1276,-2,1271,1076,1076.0
4,-31.0,-7.0,1245,0,1225,1245,1089.0
3,-43.0,-11.0,1202,-1,1180,1102,1102.0
4,-59.0,-28.0,1143,0,1136,1143,983.5
2,-78.0,-35.0,1065,-2,1093,865,865.0
4,-36.0,23.0,1029,0,1054,1029,963.0
5,-68.0,10.0,961,1,1018,1061,1061.0
4,-62.0,-26.0,899,0,986,899,1055.5
6,-49.0,19.0,850,2,961,1050,1050.0
4,-57.0,5.0,793,0,941,793,946.5
5,-50.0,-1.0,743,1,927,843,843.0
4,-41.0,16.0,702,0,920,702,900.5
7,-44.0,6.0,658,3,919,958,958.0
4,-51.0,-10.0,607,0,924,607,610.0
1,-45.0,-1.0,562,-3,938,262,262.0
4,-25.0,26.0,537,0,954,537,340.5
3,-18.0,27.0,519,-1,977,419,419.0
4,-8.0,17.0,511,0,1005,511,515.0
5,0.0,18.0,511,1,1036,611,611.0
4,0.0,8.0,511,0,1070,511,462.5
2,3.0,3.0,514,-2,1106,314,314.0
4,8.0,8.0,522,0,1142,522,391.5
3,47.0,44.0,569,-1,1178,469,469.0
4,140.0,132.0,709,0,1212,709,605.5
2,233.0,186.0,942,-2,1244,742,742.0
4,152.0,12.0,1094,0,1270,1094,1170.5
7,205.0,-28.0,1299,3,1292,1599,1599.0
4,98.0,-54.0,1397,0,1308,1397,1555.5
5,15.0,-190.0,1412,1,1316,1512,1512.0
4,1.0,-97.0,1413,0,1318,1413,1513.0
5,1.0,-14.0,1414,1,1311,1514,1514.0
4,0.0,-1.0,1414,0,1295,1414,1614.0
7,0.0,-1.0,1414,3,1271,1714,1714.0
4,0.0,0.0,1414,0,1239,1414,1414.5
1,1.0,1.0,1415,-3,1198,1115,1115.0
4,3.0,3.0,1418,0,1151,1418,1120.5
1,8.0,7.0,1426,-3,1097,1126,1126.0
4,0.0,-3.0,1426,0,1039,1426,1226.0
3,0.0,-8.0,1426,-1,976,1326,1326.0
4,-3.0,-3.0,1423,0,909,1423,1316.5
3,-16.0,-16.0,1407,-1,842,1307,1307.0
4,-23.0,-20.0,1384,0,774,1384,1162.0
1,-67.0,-51.0,1317,-3,707,1017,1017.0
4,-100.0,-77.0,1217,0,643,1217,1222.5
7,-89.0,-22.0,1128,3,579,1428,1428.0
4,-45.0,55.0,1083,0,525,1083,1183.0
3,-45.0,44.0,1038,-1,474,938,938.0
4,-38.0,7.0,1000,0,430,1000,1006.0
5,-26.0,19.0,974,1,393,1074,1074.0
4,-24.0,14.0,950,0,364,950,1051.5
5,-21.0,5.0,929,1,343,1029,1029.0
4,-18.0,6.0,911,0,330,911,867.0
2,-6.0,15.0,905,-2,327,705,705.0
4,-11.0,7.0,894,0,331,894,936.0
7,-27.0,-21.0,867,3,343,1167,1167.0
4,-20.0,-9.0,847,0,362,847,1092.0
6,-30.0,-3.0,817,2,389,1017,1017.0
4,-25.0,-5.0,792,0,422,792,1045.5
7,-18.0,12.0,774,3,460,1074,1074.0
4,-14.0,11.0,760,0,503,760,763.5
1,-7.0,11.0,753,-3,550,453,453.0
4,0.0,14.0,753,0,599,753,553.0
3,0.0,7.0,753,-1,650,653,653.0
4,0.0,0.0,753,0,702,753,653.0
3,0.0,0.0,753,-1,753,653,653.0
4,0.0,0.0,753,0,804,753,671.5
3,37.0,37.0,790,-1,853,690,690.0
4,88.0,88.0,878,0,899,878,759.5
3,51.0,14.0,929,-1,942,829,829.0
4,87.0,-1.0,1016,0,982,1016,1044.5
6,44.0,-7.0,1060,2,1017,1260,1260.0
4,27.0,-60.0,1087,0,1047,1087,1291.5
6,36.0,-8.0,1123,2,1073,1323,1323.0
4,16.0,-11.0,1139,0,1093,1139,1384.5
7,7.0,-29.0,1146,3,1108,1446,1446.0
4,6.0,-10.0,1152,0,1119,1152,1202.0
2,6.0,-1.0,1158,-2,1124,958,958.0
4,30.0,24.0,1188,0,1125,1188,1128.0
5,10.0,4.0,1198,1,1122,1298,1298.0
4,16.0,-14.0,1214,0,1115,1214,1407.5
7,3.0,-7.0,1217,3,1105,1517,1517.0
4,0.0,-16.0,1217,0,1092,1217,1317.0
3,0.0,-3.0,1217,-1,1077,1117,1117.0
4,0.0,0.0,1217,0,1060,1217,1117.0
3,0.0,0.0,1217,-1,1043,1117,1117.0
4,-2.0,-2.0,1215,0,1025,1215,1011.5
1,-9.0,-9.0,1206,-3,1007,906,906.0
4,-18.0,-16.0,1188,0,990,1188,1123.5
6,-47.0,-38.0,1141,2,974,1341,1341.0
4,-80.0,-62.0,1061,0,959,1061,1047.0
2,-108.0,-61.0,953,-2,947,753,753.0
4,-58.0,22.0,895,0,937,895,902.0
6,-44.0,64.0,851,2,930,1051,1051.0
4,-23.0,35.0,828,0,926,828,1035.5
6,-8.0,36.0,820,2,925,1020,1020.0
4,-20.0,3.0,800,0,927,800,853.0
3,-14.0,-6.0,786,-1,932,686,686.0
4,-3.0,17.0,783,0,940,783,783.5
5,-2.0,12.0,781,1,952,881,881.0
4,0.0,3.0,781,0,966,781,931.0
6,0.0,2.0,781,2,982,981,981.0
4,2.0,2.0,783,0,1001,783,747.0
1,30.0,30.0,813,-3,1022,513,513.0
4,68.0,66.0,881,0,1044,881,832.0
6,70.0,40.0,951,2,1068,1151,1151.0
4,79.0,11.0,1030,0,1091,1030,1059.0
3,37.0,-33.0,1067,-1,1116,967,967.0
4,24.0,-55.0,1091,0,1139,1091,1095.0
5,32.0,-5.0,1123,1,1162,1223,1223.0
4,50.0,26.0,1173,0,1184,1173,1117.0
2,38.0,6.0,1211,-2,1205,1011,1011.0
4,13.0,-37.0,1224,0,1222,1224,1228.5
6,22.0,-16.0,1246,2,1238,1446,1446.0
4,11.0,-2.0,1257,0,1251,1257,1253.5
2,4.0,-18.0,1261,-2,1260,1061,1061.0
4,21.0,10.0,1282,0,1266,1282,1078.5
2,14.0,10.0,1296,-2,1268,1096,1096.0
4,2.0,-19.0,1298,0,1266,1298,1247.5
5,1.0,-13.0,1299,1,1261,1399,1399.0
4,3.0,1.0,1302,0,1251,1302,1450.5
6,0.0,-1.0,1302,2,1237,1502,1502.0
4,0.0,-3.0,1302,0,1219,1302,1452.0
5,0.0,0.0,1302,1,1197,1402,1402.0
4,0.0,0.0,1302,0,1172,1302,1502.0
7,0.0,0.0,1302,3,1142,1602,1602.0
4,-21.0,-21.0,1281,0,1110,1281,1271.5
1,-40.0,-40.0,1241,-3,1074,941,941.0
4,-48.0,-27.0,1193,0,1035,1193,977.0
3,-80.0,-40.0,1113,-1,994,1013,1013.0
4,-55.0,-7.0,1058,0,952,1058,1063.5
5,-44.0,36.0,1014,1,907,1114,1114.0
4,-21.0,34.0,993,0,863,993,979.0
3,-49.0,-5.0,944,-1,818,844,844.0
4,-56.0,-35.0,888,0,773,888,700.0
1,-32.0,17.0,856,-3,729,556,556.0
4,-44.0,12.0,812,0,686,812,814.0
7,-40.0,-8.0,772,3,645,1072,1072.0
4,-26.0,18.0,746,0,606,746,947.0
5,-24.0,16.0,722,1,571,822,822.0
4,-6.0,20.0,716,0,539,716,666.0
2,-6.0,18.0,710,-2,509,510,510.0
4,-3.0,3.0,707,0,486,707,652.0
5,-13.0,-7.0,694,1,466,794,794.0
4,-10.0,-7.0,684,0,452,684,786.0
5,-6.0,7.0,678,1,443,778,778.0
4,-6.0,4.0,672,0,439,672,873.0
7,-4.0,2.0,668,3,441,968,968.0
4,0.0,6.0,668,0,449,668,668.0
1,0.0,4.0,668,-3,463,368,368.0
4,0.0,0.0,668,0,483,668,418.0
2,0.0,0.0,668,-2,509,468,468.0
4,0.0,0.0,668,0,541,668,518.0
3,0.0,0.0,668,-1,578,568,568.0
4,0.0,0.0,668,0,621,668,568.0
3,0.0,0.0,668,-1,668,568,568.0
4,0.0,0.0,668,0,720,668,568.0
3,0.0,0.0,668,-1,776,568,568.0
4,0.0,0.0,668,0,835,668,768.0
7,0.0,0.0,668,3,897,968,968.0
4,0.0,0.0,668,0,960,668,931.5
6,27.0,27.0,695,2,1026,895,895.0
4,22.0,22.0,717,0,1092,717,871.0
5,30.0,3.0,747,1,1157,847,847.0
4,36.0,14.0,783,0,1221,783,984.0
7,38.0,8.0,821,3,1284,1121,1121.0
4,52.0,16.0,873,0,1343,873,880.0
1,66.0,28.0,939,-3,1399,639,639.0
4,28.0,-24.0,967,0,1451,967,724.5
2,43.0,-23.0,1010,-2,1497,810,810.0
4,58.0,30.0,1068,0,1537,1068,880.5
2,83.0,40.0,1151,-2,1571,951,951.0
4,34.0,-24.0,1185,0,1597,1185,1038.5
3,41.0,-42.0,1226,-1,1616,1126,1126.0
4,17.0,-17.0,1243,0,1627,1243,1136.0
3,3.0,-38.0,1246,-1,1630,1146,1146.0
4,18.0,1.0,1264,0,1624,1264,1125.0
2,40.0,37.0,1304,-2,1610,1104,1104.0
4,12.0,-6.0,1316,0,1588,1316,1363.5
7,7.0,-33.0,1323,3,1558,1623,1623.0
4,0.0,-12.0,1323,0,1521,1323,1523.0
5,0.0,-7.0,1323,1,1477,1423,1423.0
4,0.0,0.0,1323,0,1428,1323,1473.0
6,0.0,0.0,1323,2,1374,1523,1523.0
4,0.0,0.0,1323,0,1316,1323,1373.0
3,0.0,0.0,1323,-1,1257,1223,1223.0
4,0.0,0.0,1323,0,1196,1323,1323.0
5,0.0,0.0,1323,1,1135,1423,1423.0
4,0.0,0.0,1323,0,1076,1323,1318.5
3,-9.0,-9.0,1314,-1,1020,1214,1214.0
4,-53.0,-53.0,1261,0,969,1261,1152.0
3,-71.0,-62.0,1190,-1,923,1090,1090.0
4,-163.0,-110.0,1027,0,883,1027,927.5
3,-162.0,-91.0,865,-1,851,765,765.0
4,-66.0,97.0,799,0,826,799,806.5
5,-51.0,111.0,748,1,809,848,848.0
4,-32.0,34.0,716,0,801,716,922.0
7,-20.0,31.0,696,3,801,996,996.0
4,-15.0,17.0,681,0,808,681,972.0
7,-33.0,-13.0,648,3,823,948,948.0
4,-37.0,-22.0,611,0,845,611,668.0
2,-23.0,10.0,588,-2,872,388,388.0
4,-25.0,12.0,563,0,905,563,367.0
2,-17.0,6.0,546,-2,940,346,346.0
4,-11.0,14.0,535,0,978,535,388.5
3,-4.0,13.0,531,-1,1017,431,431.0
4,0.0,11.0,531,0,1055,531,431.0
3,0.0,4.0,531,-1,1091,431,431.0
4,0.0,0.0,531,0,1124,531,331.0
1,0.0,0.0,531,-3,1152,231,231.0
4,4.0,4.0,535,0,1175,535,555.0
7,44.0,44.0,579,3,1191,879,879.0
4,190.0,186.0,769,0,1200,769,821.0
2,194.0,150.0,963,-2,1201,763,763.0
4,134.0,-56.0,1097,0,1193,1097,1036.5
5,113.0,-81.0,1210,1,1177,1310,1310.0
4,56.0,-78.0,1266,0,1153,1266,1353.5
5,31.0,-82.0,1297,1,1120,1397,1397.0
4,19.0,-37.0,1316,0,1080,1316,1516.0
7,19.0,-12.0,1335,3,1033,1635,1635.0
4,1.0,-18.0,1336,0,981,1336,1335.5
1,0.0,-19.0,1336,-3,923,1036,1036.0
4,-1.0,-2.0,1335,0,862,1335,1130.5
3,-10.0,-10.0,1325,-1,798,1225,1225.0
4,-21.0,-20.0,1304,0,733,1304,1139.0
2,-51.0,-41.0,1253,-2,669,1053,1053.0
4,-72.0,-51.0,1181,0,606,1181,1181.0
